date,month,month_name,weekday,state,window,is_open,closed_for,orders
2025-07-01,2025-07,Jul 2025,Tuesday,regular,"Session, regular week",True,,101
2025-07-02,2025-07,Jul 2025,Wednesday,regular,"Session, regular week",True,,103
2025-07-03,2025-07,Jul 2025,Thursday,regular,"Session, regular week",True,,106
2025-07-04,2025-07,Jul 2025,Friday,regular,"Session, regular week",True,,114
2025-07-05,2025-07,Jul 2025,Saturday,regular,"Session, regular week",True,,93
2025-07-06,2025-07,Jul 2025,Sunday,regular,"Session, regular week",True,,81
2025-07-07,2025-07,Jul 2025,Monday,regular,"Session, regular week",True,,99
2025-07-08,2025-07,Jul 2025,Tuesday,regular,"Session, regular week",True,,101
2025-07-09,2025-07,Jul 2025,Wednesday,regular,"Session, regular week",True,,103
2025-07-10,2025-07,Jul 2025,Thursday,regular,"Session, regular week",True,,106
2025-07-11,2025-07,Jul 2025,Friday,regular,"Session, regular week",True,,114
2025-07-12,2025-07,Jul 2025,Saturday,regular,"Session, regular week",True,,93
2025-07-13,2025-07,Jul 2025,Sunday,regular,"Session, regular week",True,,81
2025-07-14,2025-07,Jul 2025,Monday,regular,"Session, regular week",True,,99
2025-07-15,2025-07,Jul 2025,Tuesday,regular,"Session, regular week",True,,101
2025-07-16,2025-07,Jul 2025,Wednesday,regular,"Session, regular week",True,,103
2025-07-17,2025-07,Jul 2025,Thursday,regular,"Session, regular week",True,,106
2025-07-18,2025-07,Jul 2025,Friday,regular,"Session, regular week",True,,114
2025-07-19,2025-07,Jul 2025,Saturday,regular,"Session, regular week",True,,93
2025-07-20,2025-07,Jul 2025,Sunday,regular,"Session, regular week",True,,81
2025-07-21,2025-07,Jul 2025,Monday,regular,"Session, regular week",True,,99
2025-07-22,2025-07,Jul 2025,Tuesday,regular,"Session, regular week",True,,101
2025-07-23,2025-07,Jul 2025,Wednesday,regular,"Session, regular week",True,,103
2025-07-24,2025-07,Jul 2025,Thursday,regular,"Session, regular week",True,,106
2025-07-25,2025-07,Jul 2025,Friday,regular,"Session, regular week",True,,114
2025-07-26,2025-07,Jul 2025,Saturday,regular,"Session, regular week",True,,93
2025-07-27,2025-07,Jul 2025,Sunday,regular,"Session, regular week",True,,81
2025-07-28,2025-07,Jul 2025,Monday,regular,"Session, regular week",True,,99
2025-07-29,2025-07,Jul 2025,Tuesday,regular,"Session, regular week",True,,101
2025-07-30,2025-07,Jul 2025,Wednesday,regular,"Session, regular week",True,,103
2025-07-31,2025-07,Jul 2025,Thursday,regular,"Session, regular week",True,,106
2025-08-01,2025-08,Aug 2025,Friday,regular,"Session, regular week",True,,114
2025-08-02,2025-08,Aug 2025,Saturday,regular,"Session, regular week",True,,93
2025-08-03,2025-08,Aug 2025,Sunday,regular,"Session, regular week",True,,81
2025-08-04,2025-08,Aug 2025,Monday,regular,"Session, regular week",True,,99
2025-08-05,2025-08,Aug 2025,Tuesday,regular,"Session, regular week",True,,101
2025-08-06,2025-08,Aug 2025,Wednesday,regular,"Session, regular week",True,,103
2025-08-07,2025-08,Aug 2025,Thursday,regular,"Session, regular week",True,,106
2025-08-08,2025-08,Aug 2025,Friday,regular,"Session, regular week",True,,114
2025-08-09,2025-08,Aug 2025,Saturday,regular,"Session, regular week",True,,93
2025-08-10,2025-08,Aug 2025,Sunday,regular,"Session, regular week",True,,81
2025-08-11,2025-08,Aug 2025,Monday,regular,"Session, regular week",True,,99
2025-08-12,2025-08,Aug 2025,Tuesday,regular,"Session, regular week",True,,101
2025-08-13,2025-08,Aug 2025,Wednesday,regular,"Session, regular week",True,,103
2025-08-14,2025-08,Aug 2025,Thursday,regular,"Session, regular week",True,,106
2025-08-15,2025-08,Aug 2025,Friday,regular,"Session, regular week",False,Institute holiday,0
2025-08-16,2025-08,Aug 2025,Saturday,regular,"Session, regular week",True,,93
2025-08-17,2025-08,Aug 2025,Sunday,regular,"Session, regular week",True,,81
2025-08-18,2025-08,Aug 2025,Monday,regular,"Session, regular week",True,,99
2025-08-19,2025-08,Aug 2025,Tuesday,regular,"Session, regular week",True,,101
2025-08-20,2025-08,Aug 2025,Wednesday,regular,"Session, regular week",True,,103
2025-08-21,2025-08,Aug 2025,Thursday,regular,"Session, regular week",True,,106
2025-08-22,2025-08,Aug 2025,Friday,regular,"Session, regular week",True,,114
2025-08-23,2025-08,Aug 2025,Saturday,regular,"Session, regular week",True,,93
2025-08-24,2025-08,Aug 2025,Sunday,regular,"Session, regular week",True,,81
2025-08-25,2025-08,Aug 2025,Monday,regular,"Session, regular week",True,,99
2025-08-26,2025-08,Aug 2025,Tuesday,regular,"Session, regular week",True,,101
2025-08-27,2025-08,Aug 2025,Wednesday,regular,"Session, regular week",True,,103
2025-08-28,2025-08,Aug 2025,Thursday,regular,"Session, regular week",True,,106
2025-08-29,2025-08,Aug 2025,Friday,regular,"Session, regular week",True,,114
2025-08-30,2025-08,Aug 2025,Saturday,regular,"Session, regular week",True,,93
2025-08-31,2025-08,Aug 2025,Sunday,regular,"Session, regular week",True,,81
2025-09-01,2025-09,Sep 2025,Monday,regular,"Session, regular week",True,,99
2025-09-02,2025-09,Sep 2025,Tuesday,regular,"Session, regular week",True,,101
2025-09-03,2025-09,Sep 2025,Wednesday,regular,"Session, regular week",True,,103
2025-09-04,2025-09,Sep 2025,Thursday,regular,"Session, regular week",True,,106
2025-09-05,2025-09,Sep 2025,Friday,regular,"Session, regular week",True,,114
2025-09-06,2025-09,Sep 2025,Saturday,regular,"Session, regular week",True,,93
2025-09-07,2025-09,Sep 2025,Sunday,regular,"Session, regular week",True,,81
2025-09-08,2025-09,Sep 2025,Monday,regular,"Session, regular week",True,,99
2025-09-09,2025-09,Sep 2025,Tuesday,regular,"Session, regular week",True,,101
2025-09-10,2025-09,Sep 2025,Wednesday,regular,"Session, regular week",True,,103
2025-09-11,2025-09,Sep 2025,Thursday,regular,"Session, regular week",True,,106
2025-09-12,2025-09,Sep 2025,Friday,regular,"Session, regular week",True,,114
2025-09-13,2025-09,Sep 2025,Saturday,regular,"Session, regular week",True,,93
2025-09-14,2025-09,Sep 2025,Sunday,regular,"Session, regular week",True,,81
2025-09-15,2025-09,Sep 2025,Monday,peak,Sem 1 mid-term week,True,,278
2025-09-16,2025-09,Sep 2025,Tuesday,peak,Sem 1 mid-term week,True,,284
2025-09-17,2025-09,Sep 2025,Wednesday,peak,Sem 1 mid-term week,True,,290
2025-09-18,2025-09,Sep 2025,Thursday,peak,Sem 1 mid-term week,True,,295
2025-09-19,2025-09,Sep 2025,Friday,peak,Sem 1 mid-term week,True,,318
2025-09-20,2025-09,Sep 2025,Saturday,regular,"Session, regular week",True,,93
2025-09-21,2025-09,Sep 2025,Sunday,regular,"Session, regular week",True,,81
2025-09-22,2025-09,Sep 2025,Monday,regular,"Session, regular week",True,,99
2025-09-23,2025-09,Sep 2025,Tuesday,regular,"Session, regular week",True,,101
2025-09-24,2025-09,Sep 2025,Wednesday,regular,"Session, regular week",True,,103
2025-09-25,2025-09,Sep 2025,Thursday,regular,"Session, regular week",True,,106
2025-09-26,2025-09,Sep 2025,Friday,regular,"Session, regular week",True,,114
2025-09-27,2025-09,Sep 2025,Saturday,regular,"Session, regular week",True,,93
2025-09-28,2025-09,Sep 2025,Sunday,regular,"Session, regular week",True,,81
2025-09-29,2025-09,Sep 2025,Monday,regular,"Session, regular week",True,,99
2025-09-30,2025-09,Sep 2025,Tuesday,regular,"Session, regular week",True,,101
2025-10-01,2025-10,Oct 2025,Wednesday,regular,"Session, regular week",True,,103
2025-10-02,2025-10,Oct 2025,Thursday,regular,"Session, regular week",False,Institute holiday,0
2025-10-03,2025-10,Oct 2025,Friday,regular,"Session, regular week",True,,114
2025-10-04,2025-10,Oct 2025,Saturday,regular,"Session, regular week",True,,93
2025-10-05,2025-10,Oct 2025,Sunday,regular,"Session, regular week",True,,81
2025-10-06,2025-10,Oct 2025,Monday,regular,"Session, regular week",True,,99
2025-10-07,2025-10,Oct 2025,Tuesday,regular,"Session, regular week",True,,101
2025-10-08,2025-10,Oct 2025,Wednesday,regular,"Session, regular week",True,,103
2025-10-09,2025-10,Oct 2025,Thursday,regular,"Session, regular week",True,,106
2025-10-10,2025-10,Oct 2025,Friday,peak,Annual cultural fest,True,,318
2025-10-11,2025-10,Oct 2025,Saturday,peak,Annual cultural fest,True,,261
2025-10-12,2025-10,Oct 2025,Sunday,peak,Annual cultural fest,True,,227
2025-10-13,2025-10,Oct 2025,Monday,peak,Annual cultural fest,True,,278
2025-10-14,2025-10,Oct 2025,Tuesday,peak,Annual cultural fest,True,,284
2025-10-15,2025-10,Oct 2025,Wednesday,peak,Annual cultural fest,True,,290
2025-10-16,2025-10,Oct 2025,Thursday,peak,Annual cultural fest,True,,295
2025-10-17,2025-10,Oct 2025,Friday,peak,Annual cultural fest,True,,318
2025-10-18,2025-10,Oct 2025,Saturday,peak,Annual cultural fest,True,,261
2025-10-19,2025-10,Oct 2025,Sunday,regular,"Session, regular week",True,,81
2025-10-20,2025-10,Oct 2025,Monday,regular,"Session, regular week",False,Institute holiday,0
2025-10-21,2025-10,Oct 2025,Tuesday,regular,"Session, regular week",False,Institute holiday,0
2025-10-22,2025-10,Oct 2025,Wednesday,regular,"Session, regular week",False,Institute holiday,0
2025-10-23,2025-10,Oct 2025,Thursday,regular,"Session, regular week",True,,106
2025-10-24,2025-10,Oct 2025,Friday,regular,"Session, regular week",True,,114
2025-10-25,2025-10,Oct 2025,Saturday,regular,"Session, regular week",True,,93
2025-10-26,2025-10,Oct 2025,Sunday,regular,"Session, regular week",True,,81
2025-10-27,2025-10,Oct 2025,Monday,regular,"Session, regular week",True,,99
2025-10-28,2025-10,Oct 2025,Tuesday,regular,"Session, regular week",True,,101
2025-10-29,2025-10,Oct 2025,Wednesday,regular,"Session, regular week",True,,103
2025-10-30,2025-10,Oct 2025,Thursday,regular,"Session, regular week",True,,106
2025-10-31,2025-10,Oct 2025,Friday,regular,"Session, regular week",True,,114
2025-11-01,2025-11,Nov 2025,Saturday,regular,"Session, regular week",True,,93
2025-11-02,2025-11,Nov 2025,Sunday,regular,"Session, regular week",True,,81
2025-11-03,2025-11,Nov 2025,Monday,regular,"Session, regular week",True,,99
2025-11-04,2025-11,Nov 2025,Tuesday,regular,"Session, regular week",True,,101
2025-11-05,2025-11,Nov 2025,Wednesday,regular,"Session, regular week",True,,103
2025-11-06,2025-11,Nov 2025,Thursday,regular,"Session, regular week",True,,106
2025-11-07,2025-11,Nov 2025,Friday,regular,"Session, regular week",True,,114
2025-11-08,2025-11,Nov 2025,Saturday,regular,"Session, regular week",True,,93
2025-11-09,2025-11,Nov 2025,Sunday,regular,"Session, regular week",True,,81
2025-11-10,2025-11,Nov 2025,Monday,regular,"Session, regular week",True,,99
2025-11-11,2025-11,Nov 2025,Tuesday,regular,"Session, regular week",True,,101
2025-11-12,2025-11,Nov 2025,Wednesday,regular,"Session, regular week",True,,103
2025-11-13,2025-11,Nov 2025,Thursday,regular,"Session, regular week",True,,106
2025-11-14,2025-11,Nov 2025,Friday,regular,"Session, regular week",True,,114
2025-11-15,2025-11,Nov 2025,Saturday,regular,"Session, regular week",True,,93
2025-11-16,2025-11,Nov 2025,Sunday,regular,"Session, regular week",True,,81
2025-11-17,2025-11,Nov 2025,Monday,regular,"Session, regular week",True,,99
2025-11-18,2025-11,Nov 2025,Tuesday,regular,"Session, regular week",True,,101
2025-11-19,2025-11,Nov 2025,Wednesday,peak,Sem 1 end-term exams,True,,290
2025-11-20,2025-11,Nov 2025,Thursday,peak,Sem 1 end-term exams,True,,295
2025-11-21,2025-11,Nov 2025,Friday,peak,Sem 1 end-term exams,True,,318
2025-11-22,2025-11,Nov 2025,Saturday,peak,Sem 1 end-term exams,True,,261
2025-11-23,2025-11,Nov 2025,Sunday,peak,Sem 1 end-term exams,True,,227
2025-11-24,2025-11,Nov 2025,Monday,peak,Sem 1 end-term exams,True,,278
2025-11-25,2025-11,Nov 2025,Tuesday,peak,Sem 1 end-term exams,True,,284
2025-11-26,2025-11,Nov 2025,Wednesday,peak,Sem 1 end-term exams,True,,290
2025-11-27,2025-11,Nov 2025,Thursday,peak,Sem 1 end-term exams,True,,295
2025-11-28,2025-11,Nov 2025,Friday,peak,Sem 1 end-term exams,True,,318
2025-11-29,2025-11,Nov 2025,Saturday,peak,Sem 1 end-term exams,True,,261
2025-11-30,2025-11,Nov 2025,Sunday,regular,"Session, regular week",True,,81
2025-12-01,2025-12,Dec 2025,Monday,regular,"Session, regular week",True,,99
2025-12-02,2025-12,Dec 2025,Tuesday,regular,"Session, regular week",True,,101
2025-12-03,2025-12,Dec 2025,Wednesday,regular,"Session, regular week",True,,103
2025-12-04,2025-12,Dec 2025,Thursday,regular,"Session, regular week",True,,106
2025-12-05,2025-12,Dec 2025,Friday,regular,"Session, regular week",True,,114
2025-12-06,2025-12,Dec 2025,Saturday,regular,"Session, regular week",True,,93
2025-12-07,2025-12,Dec 2025,Sunday,regular,"Session, regular week",True,,81
2025-12-08,2025-12,Dec 2025,Monday,regular,"Session, regular week",True,,99
2025-12-09,2025-12,Dec 2025,Tuesday,regular,"Session, regular week",True,,101
2025-12-10,2025-12,Dec 2025,Wednesday,regular,"Session, regular week",True,,103
2025-12-11,2025-12,Dec 2025,Thursday,regular,"Session, regular week",True,,106
2025-12-12,2025-12,Dec 2025,Friday,regular,"Session, regular week",True,,114
2025-12-13,2025-12,Dec 2025,Saturday,regular,"Session, regular week",True,,93
2025-12-14,2025-12,Dec 2025,Sunday,lean,Winter vacation,False,Vacation Sunday closure,0
2025-12-15,2025-12,Dec 2025,Monday,lean,Winter vacation,True,,72
2025-12-16,2025-12,Dec 2025,Tuesday,lean,Winter vacation,True,,73
2025-12-17,2025-12,Dec 2025,Wednesday,lean,Winter vacation,True,,75
2025-12-18,2025-12,Dec 2025,Thursday,lean,Winter vacation,True,,76
2025-12-19,2025-12,Dec 2025,Friday,lean,Winter vacation,True,,82
2025-12-20,2025-12,Dec 2025,Saturday,lean,Winter vacation,True,,67
2025-12-21,2025-12,Dec 2025,Sunday,lean,Winter vacation,False,Vacation Sunday closure,0
2025-12-22,2025-12,Dec 2025,Monday,lean,Winter vacation,True,,72
2025-12-23,2025-12,Dec 2025,Tuesday,lean,Winter vacation,True,,73
2025-12-24,2025-12,Dec 2025,Wednesday,lean,Winter vacation,True,,75
2025-12-25,2025-12,Dec 2025,Thursday,lean,Winter vacation,True,,76
2025-12-26,2025-12,Dec 2025,Friday,lean,Winter vacation,True,,82
2025-12-27,2025-12,Dec 2025,Saturday,lean,Winter vacation,True,,67
2025-12-28,2025-12,Dec 2025,Sunday,lean,Winter vacation,False,Vacation Sunday closure,0
2025-12-29,2025-12,Dec 2025,Monday,lean,Winter vacation,True,,72
2025-12-30,2025-12,Dec 2025,Tuesday,lean,Winter vacation,True,,73
2025-12-31,2025-12,Dec 2025,Wednesday,lean,Winter vacation,True,,75
2026-01-01,2026-01,Jan 2026,Thursday,lean,Winter vacation,True,,76
2026-01-02,2026-01,Jan 2026,Friday,lean,Winter vacation,True,,82
2026-01-03,2026-01,Jan 2026,Saturday,lean,Winter vacation,True,,67
2026-01-04,2026-01,Jan 2026,Sunday,lean,Winter vacation,False,Vacation Sunday closure,0
2026-01-05,2026-01,Jan 2026,Monday,regular,"Session, regular week",True,,99
2026-01-06,2026-01,Jan 2026,Tuesday,regular,"Session, regular week",True,,101
2026-01-07,2026-01,Jan 2026,Wednesday,regular,"Session, regular week",True,,103
2026-01-08,2026-01,Jan 2026,Thursday,regular,"Session, regular week",True,,106
2026-01-09,2026-01,Jan 2026,Friday,regular,"Session, regular week",True,,114
2026-01-10,2026-01,Jan 2026,Saturday,regular,"Session, regular week",True,,93
2026-01-11,2026-01,Jan 2026,Sunday,regular,"Session, regular week",True,,81
2026-01-12,2026-01,Jan 2026,Monday,regular,"Session, regular week",True,,99
2026-01-13,2026-01,Jan 2026,Tuesday,regular,"Session, regular week",True,,101
2026-01-14,2026-01,Jan 2026,Wednesday,regular,"Session, regular week",True,,103
2026-01-15,2026-01,Jan 2026,Thursday,regular,"Session, regular week",True,,106
2026-01-16,2026-01,Jan 2026,Friday,regular,"Session, regular week",True,,114
2026-01-17,2026-01,Jan 2026,Saturday,regular,"Session, regular week",True,,93
2026-01-18,2026-01,Jan 2026,Sunday,regular,"Session, regular week",True,,81
2026-01-19,2026-01,Jan 2026,Monday,regular,"Session, regular week",True,,99
2026-01-20,2026-01,Jan 2026,Tuesday,regular,"Session, regular week",True,,101
2026-01-21,2026-01,Jan 2026,Wednesday,regular,"Session, regular week",True,,103
2026-01-22,2026-01,Jan 2026,Thursday,regular,"Session, regular week",True,,106
2026-01-23,2026-01,Jan 2026,Friday,regular,"Session, regular week",True,,114
2026-01-24,2026-01,Jan 2026,Saturday,regular,"Session, regular week",True,,93
2026-01-25,2026-01,Jan 2026,Sunday,regular,"Session, regular week",True,,81
2026-01-26,2026-01,Jan 2026,Monday,regular,"Session, regular week",False,Institute holiday,0
2026-01-27,2026-01,Jan 2026,Tuesday,regular,"Session, regular week",True,,101
2026-01-28,2026-01,Jan 2026,Wednesday,regular,"Session, regular week",True,,103
2026-01-29,2026-01,Jan 2026,Thursday,regular,"Session, regular week",True,,106
2026-01-30,2026-01,Jan 2026,Friday,regular,"Session, regular week",True,,114
2026-01-31,2026-01,Jan 2026,Saturday,regular,"Session, regular week",True,,93
2026-02-01,2026-02,Feb 2026,Sunday,regular,"Session, regular week",True,,81
2026-02-02,2026-02,Feb 2026,Monday,regular,"Session, regular week",True,,99
2026-02-03,2026-02,Feb 2026,Tuesday,regular,"Session, regular week",True,,101
2026-02-04,2026-02,Feb 2026,Wednesday,regular,"Session, regular week",True,,103
2026-02-05,2026-02,Feb 2026,Thursday,regular,"Session, regular week",True,,106
2026-02-06,2026-02,Feb 2026,Friday,regular,"Session, regular week",True,,114
2026-02-07,2026-02,Feb 2026,Saturday,regular,"Session, regular week",True,,93
2026-02-08,2026-02,Feb 2026,Sunday,regular,"Session, regular week",True,,81
2026-02-09,2026-02,Feb 2026,Monday,regular,"Session, regular week",True,,99
2026-02-10,2026-02,Feb 2026,Tuesday,regular,"Session, regular week",True,,101
2026-02-11,2026-02,Feb 2026,Wednesday,peak,Winter fest + placement week,True,,290
2026-02-12,2026-02,Feb 2026,Thursday,peak,Winter fest + placement week,True,,295
2026-02-13,2026-02,Feb 2026,Friday,peak,Winter fest + placement week,True,,318
2026-02-14,2026-02,Feb 2026,Saturday,peak,Winter fest + placement week,True,,261
2026-02-15,2026-02,Feb 2026,Sunday,peak,Winter fest + placement week,True,,227
2026-02-16,2026-02,Feb 2026,Monday,regular,"Session, regular week",True,,99
2026-02-17,2026-02,Feb 2026,Tuesday,regular,"Session, regular week",True,,101
2026-02-18,2026-02,Feb 2026,Wednesday,regular,"Session, regular week",True,,103
2026-02-19,2026-02,Feb 2026,Thursday,regular,"Session, regular week",True,,106
2026-02-20,2026-02,Feb 2026,Friday,regular,"Session, regular week",True,,114
2026-02-21,2026-02,Feb 2026,Saturday,regular,"Session, regular week",True,,93
2026-02-22,2026-02,Feb 2026,Sunday,regular,"Session, regular week",True,,81
2026-02-23,2026-02,Feb 2026,Monday,regular,"Session, regular week",True,,99
2026-02-24,2026-02,Feb 2026,Tuesday,regular,"Session, regular week",True,,101
2026-02-25,2026-02,Feb 2026,Wednesday,regular,"Session, regular week",True,,103
2026-02-26,2026-02,Feb 2026,Thursday,regular,"Session, regular week",True,,106
2026-02-27,2026-02,Feb 2026,Friday,regular,"Session, regular week",True,,114
2026-02-28,2026-02,Feb 2026,Saturday,regular,"Session, regular week",True,,93
2026-03-01,2026-03,Mar 2026,Sunday,regular,"Session, regular week",True,,81
2026-03-02,2026-03,Mar 2026,Monday,regular,"Session, regular week",True,,99
2026-03-03,2026-03,Mar 2026,Tuesday,regular,"Session, regular week",True,,101
2026-03-04,2026-03,Mar 2026,Wednesday,regular,"Session, regular week",False,Institute holiday,0
2026-03-05,2026-03,Mar 2026,Thursday,regular,"Session, regular week",False,Institute holiday,0
2026-03-06,2026-03,Mar 2026,Friday,regular,"Session, regular week",True,,114
2026-03-07,2026-03,Mar 2026,Saturday,regular,"Session, regular week",True,,93
2026-03-08,2026-03,Mar 2026,Sunday,regular,"Session, regular week",True,,81
2026-03-09,2026-03,Mar 2026,Monday,regular,"Session, regular week",True,,99
2026-03-10,2026-03,Mar 2026,Tuesday,regular,"Session, regular week",True,,101
2026-03-11,2026-03,Mar 2026,Wednesday,peak,Sem 2 mid-term week,True,,290
2026-03-12,2026-03,Mar 2026,Thursday,peak,Sem 2 mid-term week,True,,295
2026-03-13,2026-03,Mar 2026,Friday,peak,Sem 2 mid-term week,True,,318
2026-03-14,2026-03,Mar 2026,Saturday,peak,Sem 2 mid-term week,True,,261
2026-03-15,2026-03,Mar 2026,Sunday,peak,Sem 2 mid-term week,True,,227
2026-03-16,2026-03,Mar 2026,Monday,regular,"Session, regular week",True,,99
2026-03-17,2026-03,Mar 2026,Tuesday,regular,"Session, regular week",True,,101
2026-03-18,2026-03,Mar 2026,Wednesday,regular,"Session, regular week",True,,103
2026-03-19,2026-03,Mar 2026,Thursday,regular,"Session, regular week",True,,106
2026-03-20,2026-03,Mar 2026,Friday,regular,"Session, regular week",True,,114
2026-03-21,2026-03,Mar 2026,Saturday,regular,"Session, regular week",True,,93
2026-03-22,2026-03,Mar 2026,Sunday,regular,"Session, regular week",True,,81
2026-03-23,2026-03,Mar 2026,Monday,regular,"Session, regular week",True,,99
2026-03-24,2026-03,Mar 2026,Tuesday,regular,"Session, regular week",True,,101
2026-03-25,2026-03,Mar 2026,Wednesday,regular,"Session, regular week",True,,103
2026-03-26,2026-03,Mar 2026,Thursday,regular,"Session, regular week",True,,106
2026-03-27,2026-03,Mar 2026,Friday,regular,"Session, regular week",True,,114
2026-03-28,2026-03,Mar 2026,Saturday,regular,"Session, regular week",True,,93
2026-03-29,2026-03,Mar 2026,Sunday,regular,"Session, regular week",True,,81
2026-03-30,2026-03,Mar 2026,Monday,regular,"Session, regular week",True,,99
2026-03-31,2026-03,Mar 2026,Tuesday,regular,"Session, regular week",True,,101
2026-04-01,2026-04,Apr 2026,Wednesday,regular,"Session, regular week",True,,103
2026-04-02,2026-04,Apr 2026,Thursday,regular,"Session, regular week",True,,106
2026-04-03,2026-04,Apr 2026,Friday,regular,"Session, regular week",True,,114
2026-04-04,2026-04,Apr 2026,Saturday,regular,"Session, regular week",True,,93
2026-04-05,2026-04,Apr 2026,Sunday,regular,"Session, regular week",True,,81
2026-04-06,2026-04,Apr 2026,Monday,regular,"Session, regular week",True,,99
2026-04-07,2026-04,Apr 2026,Tuesday,regular,"Session, regular week",True,,101
2026-04-08,2026-04,Apr 2026,Wednesday,regular,"Session, regular week",True,,103
2026-04-09,2026-04,Apr 2026,Thursday,regular,"Session, regular week",True,,106
2026-04-10,2026-04,Apr 2026,Friday,regular,"Session, regular week",True,,114
2026-04-11,2026-04,Apr 2026,Saturday,regular,"Session, regular week",True,,93
2026-04-12,2026-04,Apr 2026,Sunday,regular,"Session, regular week",True,,81
2026-04-13,2026-04,Apr 2026,Monday,regular,"Session, regular week",True,,99
2026-04-14,2026-04,Apr 2026,Tuesday,regular,"Session, regular week",True,,101
2026-04-15,2026-04,Apr 2026,Wednesday,peak,Sem 2 end-term exams,True,,290
2026-04-16,2026-04,Apr 2026,Thursday,peak,Sem 2 end-term exams,True,,295
2026-04-17,2026-04,Apr 2026,Friday,peak,Sem 2 end-term exams,True,,318
2026-04-18,2026-04,Apr 2026,Saturday,peak,Sem 2 end-term exams,True,,261
2026-04-19,2026-04,Apr 2026,Sunday,peak,Sem 2 end-term exams,True,,227
2026-04-20,2026-04,Apr 2026,Monday,peak,Sem 2 end-term exams,True,,278
2026-04-21,2026-04,Apr 2026,Tuesday,peak,Sem 2 end-term exams,True,,284
2026-04-22,2026-04,Apr 2026,Wednesday,peak,Sem 2 end-term exams,True,,290
2026-04-23,2026-04,Apr 2026,Thursday,peak,Sem 2 end-term exams,True,,295
2026-04-24,2026-04,Apr 2026,Friday,regular,"Session, regular week",True,,114
2026-04-25,2026-04,Apr 2026,Saturday,regular,"Session, regular week",True,,93
2026-04-26,2026-04,Apr 2026,Sunday,regular,"Session, regular week",True,,81
2026-04-27,2026-04,Apr 2026,Monday,regular,"Session, regular week",True,,99
2026-04-28,2026-04,Apr 2026,Tuesday,regular,"Session, regular week",True,,101
2026-04-29,2026-04,Apr 2026,Wednesday,regular,"Session, regular week",True,,103
2026-04-30,2026-04,Apr 2026,Thursday,regular,"Session, regular week",True,,106
2026-05-01,2026-05,May 2026,Friday,regular,"Session, regular week",True,,114
2026-05-02,2026-05,May 2026,Saturday,regular,"Session, regular week",True,,93
2026-05-03,2026-05,May 2026,Sunday,regular,"Session, regular week",True,,81
2026-05-04,2026-05,May 2026,Monday,lean,Summer vacation,True,,72
2026-05-05,2026-05,May 2026,Tuesday,lean,Summer vacation,True,,73
2026-05-06,2026-05,May 2026,Wednesday,lean,Summer vacation,True,,75
2026-05-07,2026-05,May 2026,Thursday,lean,Summer vacation,True,,76
2026-05-08,2026-05,May 2026,Friday,lean,Summer vacation,True,,82
2026-05-09,2026-05,May 2026,Saturday,lean,Summer vacation,True,,67
2026-05-10,2026-05,May 2026,Sunday,lean,Summer vacation,False,Vacation Sunday closure,0
2026-05-11,2026-05,May 2026,Monday,lean,Summer vacation,True,,72
2026-05-12,2026-05,May 2026,Tuesday,lean,Summer vacation,True,,73
2026-05-13,2026-05,May 2026,Wednesday,lean,Summer vacation,True,,75
2026-05-14,2026-05,May 2026,Thursday,lean,Summer vacation,True,,76
2026-05-15,2026-05,May 2026,Friday,lean,Summer vacation,True,,82
2026-05-16,2026-05,May 2026,Saturday,lean,Summer vacation,True,,67
2026-05-17,2026-05,May 2026,Sunday,lean,Summer vacation,False,Vacation Sunday closure,0
2026-05-18,2026-05,May 2026,Monday,lean,Summer vacation,True,,72
2026-05-19,2026-05,May 2026,Tuesday,lean,Summer vacation,True,,73
2026-05-20,2026-05,May 2026,Wednesday,lean,Summer vacation,True,,75
2026-05-21,2026-05,May 2026,Thursday,lean,Summer vacation,True,,76
2026-05-22,2026-05,May 2026,Friday,lean,Summer vacation,True,,82
2026-05-23,2026-05,May 2026,Saturday,lean,Summer vacation,True,,67
2026-05-24,2026-05,May 2026,Sunday,lean,Summer vacation,False,Vacation Sunday closure,0
2026-05-25,2026-05,May 2026,Monday,lean,Summer vacation,False,Deep clean and equipment service,0
2026-05-26,2026-05,May 2026,Tuesday,lean,Summer vacation,False,Deep clean and equipment service,0
2026-05-27,2026-05,May 2026,Wednesday,lean,Summer vacation,False,Deep clean and equipment service,0
2026-05-28,2026-05,May 2026,Thursday,lean,Summer vacation,False,Deep clean and equipment service,0
2026-05-29,2026-05,May 2026,Friday,lean,Summer vacation,False,Deep clean and equipment service,0
2026-05-30,2026-05,May 2026,Saturday,lean,Summer vacation,False,Deep clean and equipment service,0
2026-05-31,2026-05,May 2026,Sunday,lean,Summer vacation,False,Deep clean and equipment service,0
2026-06-01,2026-06,Jun 2026,Monday,lean,Summer vacation,True,,72
2026-06-02,2026-06,Jun 2026,Tuesday,lean,Summer vacation,True,,73
2026-06-03,2026-06,Jun 2026,Wednesday,lean,Summer vacation,True,,75
2026-06-04,2026-06,Jun 2026,Thursday,lean,Summer vacation,True,,76
2026-06-05,2026-06,Jun 2026,Friday,lean,Summer vacation,True,,82
2026-06-06,2026-06,Jun 2026,Saturday,lean,Summer vacation,True,,67
2026-06-07,2026-06,Jun 2026,Sunday,lean,Summer vacation,False,Vacation Sunday closure,0
2026-06-08,2026-06,Jun 2026,Monday,lean,Summer vacation,True,,72
2026-06-09,2026-06,Jun 2026,Tuesday,lean,Summer vacation,True,,73
2026-06-10,2026-06,Jun 2026,Wednesday,lean,Summer vacation,True,,75
2026-06-11,2026-06,Jun 2026,Thursday,lean,Summer vacation,True,,76
2026-06-12,2026-06,Jun 2026,Friday,lean,Summer vacation,True,,82
2026-06-13,2026-06,Jun 2026,Saturday,lean,Summer vacation,True,,67
2026-06-14,2026-06,Jun 2026,Sunday,lean,Summer vacation,False,Vacation Sunday closure,0
2026-06-15,2026-06,Jun 2026,Monday,lean,Summer vacation,True,,72
2026-06-16,2026-06,Jun 2026,Tuesday,lean,Summer vacation,True,,73
2026-06-17,2026-06,Jun 2026,Wednesday,lean,Summer vacation,True,,75
2026-06-18,2026-06,Jun 2026,Thursday,lean,Summer vacation,True,,76
2026-06-19,2026-06,Jun 2026,Friday,lean,Summer vacation,True,,82
2026-06-20,2026-06,Jun 2026,Saturday,lean,Summer vacation,True,,67
2026-06-21,2026-06,Jun 2026,Sunday,lean,Summer vacation,False,Vacation Sunday closure,0
2026-06-22,2026-06,Jun 2026,Monday,lean,Summer vacation,True,,72
2026-06-23,2026-06,Jun 2026,Tuesday,lean,Summer vacation,True,,73
2026-06-24,2026-06,Jun 2026,Wednesday,lean,Summer vacation,True,,75
2026-06-25,2026-06,Jun 2026,Thursday,lean,Summer vacation,True,,76
2026-06-26,2026-06,Jun 2026,Friday,lean,Summer vacation,True,,82
2026-06-27,2026-06,Jun 2026,Saturday,lean,Summer vacation,True,,67
2026-06-28,2026-06,Jun 2026,Sunday,lean,Summer vacation,False,Vacation Sunday closure,0
2026-06-29,2026-06,Jun 2026,Monday,lean,Summer vacation,True,,72
2026-06-30,2026-06,Jun 2026,Tuesday,lean,Summer vacation,True,,73
