month_name,orders,contribution,operating_profit,share_of_positive_profit,cumulative_share,rank
Nov 2025,4966,631030.0,221030.0,0.2932,0.2932,1
Apr 2026,4629,588207.0,178207.0,0.2364,0.5296,2
Oct 2025,4330,550213.0,140213.0,0.186,0.7156,3
Sep 2025,3930,499385.0,89385.0,0.1186,0.8342,4
Mar 2026,3754,477021.0,67021.0,0.0889,0.9231,5
Feb 2026,3682,467872.0,57872.0,0.0768,0.9999,6
Jul 2025,3098,393663.0,-16337.0,0.0,0.9999,7
Aug 2025,2962,376381.0,-33619.0,0.0,0.9999,8
Dec 2025,2423,307891.0,-46109.0,0.0,0.9999,9
Jan 2026,2833,359989.0,-50011.0,0.0,0.9999,10
Jun 2026,1925,244610.0,-109390.0,0.0,0.9999,11
May 2026,1623,206235.0,-147765.0,0.0,0.9999,12
