month,month_name,operating_days,orders,lean_day_share,roster,crew_heads,revenue,recipe_cost,other_variable_cost,contribution,contribution_margin_pct,crew_cost,fixed_cost,operating_profit,operating_margin_pct,all_in_break_even_orders,orders_vs_break_even,covers_own_month,crew_saving_vs_flat_roster
2025-07,Jul 2025,31,3098,0.0,session,12,739957.0,270362.0,75963.0,393663.0,0.532,168000.0,242000.0,-16337.0,-0.0221,3227.0,-129.0,False,0.0
2025-08,Aug 2025,30,2962,0.0,session,12,707474.0,258494.0,72628.0,376381.0,0.532,168000.0,242000.0,-33619.0,-0.0475,3227.0,-265.0,False,0.0
2025-09,Sep 2025,30,3930,0.0,session,12,938680.0,342971.0,96364.0,499385.0,0.532,168000.0,242000.0,89385.0,0.0952,3227.0,703.0,True,0.0
2025-10,Oct 2025,27,4330,0.0,session,12,1034220.0,377879.0,106172.0,550213.0,0.532,168000.0,242000.0,140213.0,0.1356,3227.0,1103.0,True,0.0
2025-11,Nov 2025,30,4966,0.0,session,12,1186129.0,433383.0,121766.0,631030.0,0.532,168000.0,242000.0,221030.0,0.1863,3227.0,1739.0,True,0.0
2025-12,Dec 2025,28,2423,0.536,lean,8,578734.0,211455.0,59412.0,307891.0,0.532,112000.0,242000.0,-46109.0,-0.0797,2786.0,-363.0,False,56000.0
2026-01,Jan 2026,29,2833,0.103,session,12,676662.0,247236.0,69465.0,359989.0,0.532,168000.0,242000.0,-50011.0,-0.0739,3227.0,-394.0,False,0.0
2026-02,Feb 2026,28,3682,0.0,session,12,879446.0,321328.0,90283.0,467872.0,0.532,168000.0,242000.0,57872.0,0.0658,3227.0,455.0,True,0.0
2026-03,Mar 2026,29,3754,0.0,session,12,896643.0,327612.0,92048.0,477021.0,0.532,168000.0,242000.0,67021.0,0.0747,3227.0,527.0,True,0.0
2026-04,Apr 2026,30,4629,0.0,session,12,1105637.0,403973.0,113503.0,588207.0,0.532,168000.0,242000.0,178207.0,0.1612,3227.0,1402.0,True,0.0
2026-05,May 2026,21,1623,0.857,lean,8,387654.0,141639.0,39796.0,206235.0,0.532,112000.0,242000.0,-147765.0,-0.3812,2786.0,-1163.0,False,56000.0
2026-06,Jun 2026,26,1925,1.0,lean,8,459786.0,167995.0,47201.0,244610.0,0.532,112000.0,242000.0,-109390.0,-0.2379,2786.0,-861.0,False,56000.0
