month,month_name,operating_days,orders,peak_days,regular_days,lean_days,lean_day_share,orders_per_operating_day
2025-07,Jul 2025,31,3098,0,31,0,0.0,99.9
2025-08,Aug 2025,30,2962,0,30,0,0.0,98.7
2025-09,Sep 2025,30,3930,5,25,0,0.0,131.0
2025-10,Oct 2025,27,4330,9,18,0,0.0,160.4
2025-11,Nov 2025,30,4966,11,19,0,0.0,165.5
2025-12,Dec 2025,28,2423,0,13,15,0.536,86.5
2026-01,Jan 2026,29,2833,0,26,3,0.103,97.7
2026-02,Feb 2026,28,3682,5,23,0,0.0,131.5
2026-03,Mar 2026,29,3754,5,24,0,0.0,129.4
2026-04,Apr 2026,30,4629,9,21,0,0.0,154.3
2026-05,May 2026,21,1623,0,3,18,0.857,77.3
2026-06,Jun 2026,26,1925,0,0,26,1.0,74.0
